,labels,img_name
0,psoriasis,psoriasis38.jpg
1,psoriasis,psoriasis-scalp20.jpg
2,psoriasis,psoriasis-congenital4.jpg
3,psoriasis,psoriasis-pustular54.jpg
4,psoriasis,psoriasis_nail84.jpg
5,psoriasis,psoriasis_nail97.jpg
6,psoriasis,psoriasis-genital7.jpg
7,psoriasis,sebopsoriasis1.jpg
8,psoriasis,psoriasis78.jpg
9,psoriasis,psoriasis_guttate14.jpg
10,psoriasis,generalised_pustular_psoriasis2.jpg
11,psoriasis,parapsoriasis-large-plaque12.jpg
12,psoriasis,psoriasis-genital21.jpg
13,psoriasis,psoriasis-arthropathica18.jpg
14,psoriasis,psoriasis_guttate18.jpg
15,psoriasis,psoriasis_chronic_plaque6.jpg
16,psoriasis,psoriasis_chronic_plaque27.jpg
17,psoriasis,psoriasis-scalp5.jpg
18,psoriasis,psoriasis-scalp15.jpg
19,psoriasis,psoriasis-arthropathica7.jpg
20,psoriasis,psoriasis_nail82.jpg
21,psoriasis,psoriasis_nail32.jpg
22,psoriasis,psoriasis-pustular27.jpg
23,psoriasis,psoriasis_nail83.jpg
24,psoriasis,psoriasis81.jpg
25,psoriasis,parapsoriasis-large-plaque4.jpg
26,psoriasis,psoriasis_nail81.jpg
27,psoriasis,parapsoriasis-large-plaque11.jpg
28,psoriasis,parapsoriasis-large-plaque1.jpg
29,psoriasis,parapsoriasis-large-plaque8.jpg
30,psoriasis,psoriasis-genital13.jpg
31,psoriasis,psoriasis_chronic_plaque5.jpg
32,psoriasis,psoriasis-in-a-child9.jpg
33,psoriasis,psoriasis44.jpg
34,psoriasis,psoriasis75.jpg
35,psoriasis,psoriasis_guttate32.jpg
36,psoriasis,psoriasis_nail110.jpg
37,psoriasis,psoriasis93.jpg
38,psoriasis,psoriasis-of-hands6.jpg
39,psoriasis,psoriasis_chronic_plaque18.jpg
40,psoriasis,psoriasis_guttate37.jpg
41,psoriasis,psoriasis_nail85.jpg
42,psoriasis,psoriasis-pustular79.jpg
43,psoriasis,sebopsoriasis3.jpg
44,psoriasis,psoriasis-inversa27.jpg
45,psoriasis,psoriasis-arthropathica9.jpg
46,psoriasis,psoriasis-inversa1.jpg
47,psoriasis,psoriasis-pustular70.jpg
48,psoriasis,psoriasis_nail89.jpg
49,psoriasis,psoriasis27.jpg
50,psoriasis,psoriasis-inversa3.jpg
51,psoriasis,psoriasis89.jpg
52,psoriasis,psoriasis-pustular14.jpg
53,psoriasis,psoriasis_guttate21.jpg
54,psoriasis,psoriasis-genital23.jpg
55,psoriasis,psoriasis_guttate36.jpg
56,psoriasis,psoriasis-inversa31.jpg
57,psoriasis,psoriasis-arthropathica15.jpg
58,psoriasis,psoriasis_guttate4.jpg
59,psoriasis,psoriasis25.jpg
60,psoriasis,psoriasis-pustular24.jpg
61,psoriasis,psoriasis_nail13.jpg
62,psoriasis,arthropathic_psoriasis2.jpg
63,psoriasis,psoriasis_chronic_plaque19.jpg
64,psoriasis,generalised_pustular_psoriasis4.jpg
65,psoriasis,psoriasis_chronic_plaque1.jpg
66,psoriasis,psoriasis_nail52.jpg
67,psoriasis,psoriasis10.jpg
68,psoriasis,psoriasis_chronic_plaque15.jpg
69,psoriasis,psoriasis16.jpg
70,psoriasis,psoriasis-pustular12.jpg
71,psoriasis,psoriasis_nail44.jpg
72,psoriasis,psoriasis4.jpg
73,psoriasis,psoriasis_chronic_plaque29.jpg
74,psoriasis,psoriasis_nail61.jpg
75,psoriasis,psoriasis8.jpg
76,psoriasis,psoriasis_nail34.jpg
77,psoriasis,psoriasis-pustular50.jpg
78,psoriasis,psoriasis95.jpg
79,psoriasis,psoriasis_chronic_plaque32.jpg
80,psoriasis,psoriasis-palms-soles6.jpg
81,psoriasis,psoriasis-inversa38.jpg
82,psoriasis,psoriasis_nail55.jpg
83,psoriasis,psoriasis-pustular40.jpg
84,psoriasis,psoriasis_nail56.jpg
85,psoriasis,psoriasis-congenital3.jpg
86,psoriasis,psoriasis_chronic_plaque33.jpg
87,psoriasis,psoriasis56.jpg
88,psoriasis,psoriasis_guttate23.jpg
89,psoriasis,psoriasis_nail68.jpg
90,psoriasis,psoriasis-inversa23.jpg
91,psoriasis,psoriasis_nail24.jpg
92,psoriasis,psoriasis_nail99.jpg
93,psoriasis,psoriasis-pustular61.jpg
94,psoriasis,psoriasis66.jpg
95,psoriasis,psoriasis-pustular30.jpg
96,psoriasis,parapsoriasis-large-plaque13.jpg
97,psoriasis,psoriasis-inversa39.jpg
98,psoriasis,psoriasis67.jpg
99,psoriasis,psoriasis54.jpg
100,psoriasis,psoriasis-inversa9.jpg
101,psoriasis,generalised_pustular_psoriasis17.jpg
102,psoriasis,psoriasis-palms-soles1.jpg
103,psoriasis,psoriasis-pustular6.jpg
104,psoriasis,psoriasis92.jpg
105,psoriasis,psoriasis_chronic_plaque39.jpg
106,psoriasis,psoriasis-genital11.jpg
107,psoriasis,psoriasis57.jpg
108,psoriasis,parapsoriasis-small-plaque-type3.jpg
109,psoriasis,psoriasis-inversa6.jpg
110,psoriasis,psoriasis_nail62.jpg
111,psoriasis,inverse_psoriasis2.jpg
112,psoriasis,psoriasis_nail98.jpg
113,psoriasis,psoriasis-scalp24.jpg
114,psoriasis,psoriasis-genital14.jpg
115,psoriasis,parapsoriasis-large-plaque7.jpg
116,psoriasis,psoriasis-of-hands10.jpg
117,psoriasis,filariasis4.jpg
118,psoriasis,psoriasis-in-a-child14.jpg
119,psoriasis,psoriasis-pustular35.jpg
120,psoriasis,psoriasis_nail73.jpg
121,psoriasis,psoriasis-pustular62.jpg
122,psoriasis,psoriasis_nail57.jpg
123,psoriasis,psoriasis_chronic_plaque23.jpg
124,psoriasis,psoriasis_chronic_plaque38.jpg
125,psoriasis,psoriasis_nail35.jpg
126,psoriasis,psoriasis-inversa45.jpg
127,psoriasis,psoriasis_guttate41.jpg
128,psoriasis,psoriasis_nail105.jpg
129,psoriasis,psoriasis30.jpg
130,psoriasis,parapsoriasis-en-goutte1.jpg
131,psoriasis,psoriasis-inversa10.jpg
132,psoriasis,psoriasis69.jpg
133,psoriasis,psoriasis-inversa5.jpg
134,psoriasis,psoriasis_nail111.jpg
135,psoriasis,psoriasis_nail51.jpg
136,psoriasis,psoriasis_nail78.jpg
137,psoriasis,psoriasis_guttate9.jpg
138,psoriasis,psoriasis_nail107.jpg
139,psoriasis,psoriasis53.jpg
140,psoriasis,psoriasis-arthropathica3.jpg
141,psoriasis,psoriasis88.jpg
142,psoriasis,psoriasis-of-hands3.jpg
143,psoriasis,psoriasis-scalp10.jpg
144,psoriasis,psoriasis_nail58.jpg
145,psoriasis,psoriasis97.jpg
146,psoriasis,psoriasis_nail92.jpg
147,psoriasis,psoriasis_guttate5.jpg
148,psoriasis,psoriasis58.jpg
149,psoriasis,psoriasis_nail88.jpg
150,psoriasis,psoriasis2.jpg
151,psoriasis,psoriasis_guttate2.jpg
152,psoriasis,psoriasis-of-hands14.jpg
153,psoriasis,parapsoriasis-en-goutte2.jpg
154,psoriasis,psoriasis_nail9.jpg
155,psoriasis,psoriasis-pustular67.jpg
156,psoriasis,psoriasis41.jpg
157,psoriasis,psoriasis_nail77.jpg
158,psoriasis,psoriasis_nail63.jpg
159,psoriasis,psoriasis-inversa13.jpg
160,psoriasis,red-psoriais1.jpg
161,psoriasis,psoriasis-genital5.jpg
162,psoriasis,psoriasis_nail14.jpg
163,psoriasis,psoriasis-inversa22.jpg
164,psoriasis,inverse_psoriasis5.jpg
165,psoriasis,psoriasis-pustular22.jpg
166,psoriasis,psoriasis-pustular7.jpg
167,psoriasis,psoriasis_nail42.jpg
168,psoriasis,psoriasis-inversa2.jpg
169,psoriasis,psoriasis_nail94.jpg
170,psoriasis,sebopsoriasis4.jpg
171,psoriasis,psoriasis-arthropathica16.jpg
172,psoriasis,psoriasis_chronic_plaque2.jpg
173,psoriasis,psoriasis47.jpg
174,psoriasis,parapsoriasis-large-plaque6.jpg
175,psoriasis,psoriasis-genital24.jpg
176,psoriasis,psoriasis-pustular18.jpg
177,psoriasis,psoriasis77.jpg
178,psoriasis,psoriasis_nail12.jpg
179,psoriasis,psoriasis_nail38.jpg
180,psoriasis,psoriasis_nail48.jpg
181,psoriasis,psoriasis-scalp14.jpg
182,psoriasis,psoriasis59.jpg
183,psoriasis,psoriasis-pustular43.jpg
184,psoriasis,psoriasis_nail23.jpg
185,psoriasis,red-psoriais2.jpg
186,psoriasis,psoriasis31.jpg
187,psoriasis,psoriasis-pustular36.jpg
188,psoriasis,psoriasis32.jpg
189,psoriasis,psoriasis85.jpg
190,psoriasis,psoriasis-genital16.jpg
191,psoriasis,filariasis5.jpg
192,psoriasis,psoriasis_chronic_plaque11.jpg
193,psoriasis,filariasis1.jpg
194,psoriasis,psoriasis82.jpg
195,psoriasis,psoriasis-genital17.jpg
196,psoriasis,psoriasis_nail11.jpg
197,psoriasis,psoriasis55.jpg
198,psoriasis,psoriasis-scalp23.jpg
199,psoriasis,psoriasis-arthropathica20.jpg
200,psoriasis,psoriasis-arthropathica8.jpg
201,psoriasis,psoriasis_chronic_plaque26.jpg
202,psoriasis,psoriasis-inversa21.jpg
203,psoriasis,psoriasis-in-a-child3.jpg
204,psoriasis,psoriasis-inversa34.jpg
205,psoriasis,parapsoriasis-large-plaque15.jpg
206,psoriasis,psoriasis-inversa12.jpg
207,psoriasis,psoriasis-genital10.jpg
208,psoriasis,psoriasis-inversa36.jpg
209,psoriasis,psoriasis-scalp8.jpg
210,psoriasis,psoriasis_guttate43.jpg
211,psoriasis,psoriasis_guttate31.jpg
212,psoriasis,psoriasis_guttate27.jpg
213,psoriasis,psoriasis_nail19.jpg
214,psoriasis,psoriasis-arthropathica19.jpg
215,psoriasis,psoriasis_nail91.jpg
216,psoriasis,psoriasis61.jpg
217,psoriasis,parapsoriasis-large-plaque18.jpg
218,psoriasis,psoriasis_chronic_plaque24.jpg
219,psoriasis,psoriasis_nail10.jpg
220,psoriasis,psoriasis-congenital2.jpg
221,psoriasis,psoriasis-pustular17.jpg
222,psoriasis,arthropathic_psoriasis1.jpg
223,psoriasis,psoriasis_chronic_plaque21.jpg
224,psoriasis,psoriasis-arthropathica6.jpg
225,psoriasis,psoriasis45.jpg
226,psoriasis,psoriasis_guttate28.jpg
227,psoriasis,psoriasis_chronic_plaque14.jpg
228,psoriasis,psoriasis-psoriasis_after_erysipelas2.jpg
229,psoriasis,psoriasis_nail65.jpg
230,psoriasis,psoriasis-pustular74.jpg
231,psoriasis,psoriasis-pustular31.jpg
232,psoriasis,inverse_psoriasis3.jpg
233,psoriasis,psoriasis-inversa4.jpg
234,psoriasis,psoriasis-inversa30.jpg
235,psoriasis,psoriasis-pustular66.jpg
236,psoriasis,psoriasis62.jpg
237,psoriasis,generalised_pustular_psoriasis14.jpg
238,psoriasis,psoriasis_chronic_plaque22.jpg
239,psoriasis,psoriasis-in-a-child10.jpg
240,psoriasis,psoriasis-pustular80.jpg
241,psoriasis,psoriasis-pustular9.jpg
242,psoriasis,psoriasis_nail66.jpg
243,psoriasis,psoriasis68.jpg
244,psoriasis,psoriasis-of-hands4.jpg
245,psoriasis,psoriasis-palms-soles7.jpg
246,psoriasis,psoriasis_guttate33.jpg
247,psoriasis,psoriasis-in-a-child2.jpg
248,psoriasis,psoriasis83.jpg
249,psoriasis,psoriasis-inversa33.jpg
250,psoriasis,psoriasis-scalp1.jpg
251,psoriasis,psoriasis-genital6.jpg
252,psoriasis,psoriasis-inversa26.jpg
253,psoriasis,psoriasis-pustular45.jpg
254,psoriasis,psoriasis-in-a-child13.jpg
255,psoriasis,psoriasis-inversa44.jpg
256,psoriasis,psoriasis-genital20.jpg
257,psoriasis,psoriasis_nail54.jpg
258,psoriasis,psoriasis_nail20.jpg
259,psoriasis,psoriasis_nail79.jpg
260,psoriasis,psoriasis_nail95.jpg
261,psoriasis,psoriasis_nail2.jpg
262,psoriasis,parapsoriasis-small-plaque-type2.jpg
263,psoriasis,psoriasis-pustular49.jpg
264,psoriasis,psoriasis-pustular42.jpg
265,psoriasis,psoriasis70.jpg
266,psoriasis,psoriasis80.jpg
267,psoriasis,psoriasis-palms-soles4.jpg
268,psoriasis,psoriasis_nail60.jpg
269,psoriasis,psoriasis37.jpg
270,psoriasis,psoriasis_guttate6.jpg
271,psoriasis,psoriasis_guttate40.jpg
272,psoriasis,psoriasis-of-hands12.jpg
273,psoriasis,psoriasis_nail40.jpg
274,psoriasis,psoriasis-of-hands16.jpg
275,psoriasis,psoriasis-scalp12.jpg
276,psoriasis,parapsoriasis-large-plaque3.jpg
277,psoriasis,psoriasis_guttate12.jpg
278,psoriasis,psoriasis_guttate34.jpg
279,psoriasis,generalised_pustular_psoriasis7.jpg
280,psoriasis,psoriasis_chronic_plaque36.jpg
281,psoriasis,psoriasis_nail106.jpg
282,psoriasis,psoriasis_nail101.jpg
283,psoriasis,psoriasis96.jpg
284,psoriasis,filariasis3.jpg
285,psoriasis,psoriasis-genital8.jpg
286,psoriasis,psoriasis_chronic_plaque30.jpg
287,psoriasis,psoriasis_nail70.jpg
288,psoriasis,psoriasis-arthropathica12.jpg
289,psoriasis,psoriasis_nail67.jpg
290,psoriasis,psoriasis_nail102.jpg
291,psoriasis,psoriasis_guttate13.jpg
292,psoriasis,psoriasis-genital9.jpg
293,psoriasis,psoriasis40.jpg
294,psoriasis,psoriasis71.jpg
295,psoriasis,psoriasis_chronic_plaque25.jpg
296,psoriasis,psoriasis_nail5.jpg
297,psoriasis,psoriasis_nail25.jpg
298,psoriasis,psoriasis-pustular28.jpg
299,psoriasis,psoriasis-inversa17.jpg
300,psoriasis,psoriasis48.jpg
301,psoriasis,psoriasis-pustular41.jpg
302,psoriasis,psoriasis_nail86.jpg
303,psoriasis,psoriasis-inversa14.jpg
304,psoriasis,psoriasis_chronic_plaque4.jpg
305,psoriasis,psoriasis-pustular81.jpg
306,psoriasis,psoriasis_guttate7.jpg
307,psoriasis,psoriasis-inversa40.jpg
308,psoriasis,psoriasis_guttate29.jpg
309,psoriasis,psoriasis_guttate10.jpg
310,psoriasis,psoriasis-inversa46.jpg
311,psoriasis,parapsoriasis-large-plaque20.jpg
312,psoriasis,psoriasis-inversa47.jpg
313,psoriasis,psoriasis91.jpg
314,psoriasis,psoriasis_nail112.jpg
315,psoriasis,psoriasis-of-hands1.jpg
316,psoriasis,psoriasis42.jpg
317,psoriasis,psoriasis60.jpg
318,psoriasis,psoriasis_nail87.jpg
319,psoriasis,psoriasis-scalp7.jpg
320,psoriasis,psoriasis_chronic_plaque10.jpg
321,psoriasis,psoriasis_chronic_plaque35.jpg
322,psoriasis,psoriasis52.jpg
323,psoriasis,psoriasis46.jpg
324,psoriasis,psoriasis_nail8.jpg
325,psoriasis,psoriasis_nail72.jpg
326,psoriasis,psoriasis_guttate44.jpg
327,psoriasis,psoriasis98.jpg
328,psoriasis,psoriasis-genital2.jpg
329,psoriasis,psoriasis-scalp22.jpg
330,psoriasis,sebopsoriasis2.jpg
331,psoriasis,psoriasis-arthropathica14.jpg
332,psoriasis,generalised_pustular_psoriasis5.jpg
333,psoriasis,psoriasis-palms-soles3.jpg
334,psoriasis,psoriasis-scalp11.jpg
335,psoriasis,psoriasis_guttate11.jpg
336,psoriasis,psoriasis9.jpg
337,psoriasis,psoriasis-pustular1.jpg
338,psoriasis,psoriasis_nail71.jpg
339,psoriasis,psoriasis-inversa32.jpg
340,psoriasis,psoriasis-genital3.jpg
341,psoriasis,psoriasis7.jpg
342,psoriasis,psoriasis-inversa15.jpg
343,psoriasis,psoriasis_nail22.jpg
344,psoriasis,oxyuriasis1.jpg
345,psoriasis,psoriasis_nail47.jpg
346,psoriasis,psoriasis-inversa18.jpg
347,psoriasis,parapsoriasis-small-plaque-type1.jpg
348,psoriasis,psoriasis-in-a-child4.jpg
349,psoriasis,psoriasis64.jpg
350,psoriasis,psoriasis-scalp4.jpg
351,psoriasis,psoriasis_nail3.jpg
352,psoriasis,psoriasis_chronic_plaque41.jpg
353,psoriasis,psoriasis-inversa16.jpg
354,psoriasis,generalised_pustular_psoriasis6.jpg
355,psoriasis,psoriasis-genital4.jpg
356,psoriasis,psoriasis79.jpg
357,psoriasis,psoriasis-inversa28.jpg
358,psoriasis,psoriasis6.jpg
359,psoriasis,psoriasis-palms-soles5.jpg
360,psoriasis,psoriasis_nail80.jpg
361,psoriasis,psoriasis-inversa11.jpg
362,psoriasis,psoriasis-genital12.jpg
363,psoriasis,psoriasis22.jpg
364,psoriasis,psoriasis19.jpg
365,psoriasis,parapsoriasis-large-plaque17.jpg
366,psoriasis,psoriasis_nail74.jpg
367,psoriasis,psoriasis_nail39.jpg
368,psoriasis,psoriasis_nail15.jpg
369,psoriasis,psoriasis_guttate38.jpg
370,psoriasis,psoriasis_guttate42.jpg
371,psoriasis,psoriasis_nail33.jpg
372,psoriasis,psoriasis-scalp26.jpg
373,psoriasis,psoriasis_guttate39.jpg
374,psoriasis,parapsoriasis-large-plaque19.jpg
375,psoriasis,psoriasis_nail49.jpg
376,psoriasis,parapsoriasis-large-plaque16.jpg
377,psoriasis,generalised_pustular_psoriasis9.jpg
378,psoriasis,psoriasis_chronic_plaque40.jpg
379,psoriasis,psoriasis_nail45.jpg
380,psoriasis,psoriasis_nail69.jpg
381,psoriasis,psoriasis_nail27.jpg
382,psoriasis,psoriasis_nail93.jpg
383,psoriasis,psoriasis_chronic_plaque31.jpg
384,psoriasis,parapsoriasis-large-plaque10.jpg
385,psoriasis,psoriasis-pustular10.jpg
386,psoriasis,inverse_psoriasis4.jpg
387,psoriasis,psoriasis_nail104.jpg
388,psoriasis,psoriasis-scalp9.jpg
389,psoriasis,generalised_pustular_psoriasis15.jpg
390,psoriasis,psoriasis_guttate35.jpg
391,psoriasis,psoriasis_chronic_plaque34.jpg
392,psoriasis,psoriasis_nail17.jpg
393,psoriasis,psoriasis_guttate20.jpg
394,psoriasis,psoriasis-arthropathica2.jpg
395,psoriasis,psoriasis-of-hands13.jpg
396,psoriasis,psoriasis-inversa37.jpg
397,psoriasis,psoriasis_chronic_plaque7.jpg
398,psoriasis,parapsoriasis-en-goutte4.jpg
399,psoriasis,psoriasis-scalp29.jpg
400,psoriasis,psoriasis-pustular37.jpg
401,psoriasis,psoriasis_nail64.jpg
402,psoriasis,psoriasis-of-hands8.jpg
403,psoriasis,psoriasis_chronic_plaque42.jpg
404,psoriasis,psoriasis-inversa42.jpg
405,psoriasis,psoriasis-inversa25.jpg
406,psoriasis,psoriasis_chronic_plaque16.jpg
407,psoriasis,psoriasis_nail76.jpg
408,psoriasis,psoriasis-pustular16.jpg
409,psoriasis,psoriasis-pustular20.jpg
410,psoriasis,psoriasis_guttate25.jpg
411,psoriasis,psoriasis-in-a-child11.jpg
412,psoriasis,psoriasis-scalp19.jpg
413,psoriasis,inverse_psoriasis1.jpg
414,psoriasis,psoriasis-of-hands15.jpg
415,psoriasis,psoriasis-pustular68.jpg
416,psoriasis,psoriasis-congenital1.jpg
417,psoriasis,psoriasis21.jpg
418,psoriasis,psoriasis94.jpg
419,psoriasis,psoriasis_nail96.jpg
420,psoriasis,psoriasis-inversa7.jpg
421,psoriasis,psoriasis86.jpg
422,psoriasis,psoriasis_nail31.jpg
423,psoriasis,inverse_psoriasis7.jpg
424,psoriasis,psoriasis-scalp6.jpg
425,psoriasis,psoriasis_nail53.jpg
426,psoriasis,psoriasis_nail26.jpg
427,psoriasis,psoriasis_chronic_plaque13.jpg
428,psoriasis,psoriasis_nail28.jpg
429,psoriasis,psoriasis_nail75.jpg
430,psoriasis,psoriasis_nail43.jpg
431,psoriasis,psoriasis_nail36.jpg
432,psoriasis,parapsoriasis-large-plaque5.jpg
433,psoriasis,psoriasis72.jpg
434,psoriasis,psoriasis-of-hands5.jpg
435,psoriasis,psoriasis-psoriasis_after_erysipelas4.jpg
436,psoriasis,psoriasis_guttate24.jpg
437,psoriasis,psoriasis_chronic_plaque3.jpg
438,psoriasis,parapsoriasis-large-plaque2.jpg
439,psoriasis,psoriasis-arthropathica1.jpg
440,psoriasis,psoriasis43.jpg
441,psoriasis,psoriasis-arthropathica13.jpg
442,psoriasis,psoriasis73.jpg
443,psoriasis,psoriasis-arthropathica5.jpg
444,psoriasis,psoriasis-scalp21.jpg
445,psoriasis,psoriasis_nail18.jpg
446,psoriasis,psoriasis_chronic_plaque12.jpg
447,psoriasis,psoriasis-inversa19.jpg
448,psoriasis,psoriasis-scalp27.jpg
449,psoriasis,psoriasis-in-a-child1.jpg
450,psoriasis,psoriasis_nail103.jpg
451,psoriasis,psoriasis-arthropathica4.jpg
452,psoriasis,psoriasis_nail7.jpg
453,psoriasis,psoriasis-scalp18.jpg
454,psoriasis,psoriasis_guttate22.jpg
455,psoriasis,psoriasis_chronic_plaque20.jpg
456,psoriasis,psoriasis-scalp25.jpg
457,psoriasis,psoriasis39.jpg
458,psoriasis,psoriasis-scalp28.jpg
459,psoriasis,parapsoriasis-large-plaque9.jpg
460,psoriasis,psoriasis-genital19.jpg
461,psoriasis,psoriasis-arthropathica11.jpg
462,psoriasis,psoriasis35.jpg
463,psoriasis,psoriasis33.jpg
464,psoriasis,psoriasis-arthropathica10.jpg
465,psoriasis,psoriasis-of-hands2.jpg
466,psoriasis,psoriasis-inversa20.jpg
467,psoriasis,psoriasis_nail37.jpg
468,psoriasis,generalised_pustular_psoriasis12.jpg
469,psoriasis,generalised_pustular_psoriasis16.jpg
470,psoriasis,psoriasis_guttate16.jpg
471,psoriasis,psoriasis34.jpg
472,psoriasis,psoriasis_nail16.jpg
473,psoriasis,psoriasis_chronic_plaque17.jpg
474,psoriasis,psoriasis_nail109.jpg
475,psoriasis,psoriasis-inversa35.jpg
476,psoriasis,psoriasis-inversa41.jpg
477,psoriasis,psoriasis_nail1.jpg
478,psoriasis,psoriasis90.jpg
479,psoriasis,psoriasis-scalp2.jpg
480,psoriasis,psoriasis-in-a-child7.jpg
481,psoriasis,psoriasis-in-a-child6.jpg
482,psoriasis,psoriasis_nail46.jpg
483,psoriasis,psoriasis_chronic_plaque9.jpg
484,psoriasis,psoriasis-psoriasis_after_erysipelas3.jpg
485,psoriasis,psoriasis-of-hands11.jpg
486,psoriasis,psoriasis_guttate26.jpg
487,psoriasis,psoriasis_nail21.jpg
488,psoriasis,psoriasis-genital18.jpg
489,psoriasis,psoriasis_chronic_plaque37.jpg
490,psoriasis,psoriasis87.jpg
491,psoriasis,psoriasis74.jpg
492,psoriasis,psoriasis-arthropathica21.jpg
493,psoriasis,psoriasis12.jpg
494,psoriasis,psoriasis_nail6.jpg
495,psoriasis,psoriasis-scalp13.jpg
496,psoriasis,psoriasis-arthropathica17.jpg
497,psoriasis,psoriasis-in-a-child12.jpg
498,psoriasis,inverse_psoriasis6.jpg
499,psoriasis,psoriasis_chronic_plaque8.jpg
500,psoriasis,psoriasis_nail59.jpg
501,psoriasis,generalised_pustular_psoriasis3.jpg
502,psoriasis,generalised_pustular_psoriasis1.jpg
503,psoriasis,generalised_pustular_psoriasis10.jpg
504,psoriasis,filariasis2.jpg
505,psoriasis,psoriasis28.jpg
506,psoriasis,psoriasis-pustular52.jpg
507,psoriasis,psoriasis-genital25.jpg
508,psoriasis,psoriasis_nail90.jpg
509,psoriasis,psoriasis_nail108.jpg
510,psoriasis,psoriasis-of-hands9.jpg
511,psoriasis,psoriasis-genital22.jpg
512,psoriasis,generalised_pustular_psoriasis13.jpg
513,psoriasis,psoriasis13.jpg
514,psoriasis,psoriasis-in-a-child5.jpg
515,psoriasis,psoriasis_guttate19.jpg
516,psoriasis,psoriasis_guttate1.jpg
517,psoriasis,psoriasis-scalp17.jpg
518,psoriasis,psoriasis5.jpg
519,psoriasis,psoriasis36.jpg
520,psoriasis,psoriasis65.jpg
521,psoriasis,psoriasis-inversa24.jpg
522,psoriasis,psoriasis-scalp3.jpg
523,psoriasis,psoriasis23.jpg
524,psoriasis,psoriasis84.jpg
525,psoriasis,psoriasis_chronic_plaque28.jpg
526,psoriasis,psoriasis-inversa29.jpg
527,psoriasis,psoriasis76.jpg
528,psoriasis,psoriasis99.jpg
529,psoriasis,psoriasis_nail113.jpg
530,psoriasis,psoriasis-genital1.jpg
531,psoriasis,psoriasis100.jpg
532,psoriasis,psoriasis_nail30.jpg
533,psoriasis,psoriasis-palms-soles2.jpg
534,psoriasis,psoriasis-inversa8.jpg
535,psoriasis,psoriasis_nail4.jpg
536,psoriasis,psoriasis_guttate30.jpg
537,psoriasis,oxyuriasis2.jpg
538,psoriasis,psoriasis_nail100.jpg
539,psoriasis,generalised_pustular_psoriasis8.jpg
540,psoriasis,psoriasis_nail29.jpg
541,psoriasis,psoriasis-in-a-child8.jpg
542,psoriasis,psoriasis-of-hands7.jpg
543,psoriasis,psoriasis_nail41.jpg
544,psoriasis,psoriasis-scalp16.jpg
545,psoriasis,psoriasis-genital15.jpg
546,psoriasis,psoriasis63.jpg
547,psoriasis,psoriasis-inversa43.jpg
548,psoriasis,psoriasis_nail50.jpg
549,psoriasis,img?imageId=6294
550,psoriasis,img?imageId=6333
551,psoriasis,img?imageId=6335
552,psoriasis,img?imageId=6310
553,psoriasis,img?imageId=6298
554,psoriasis,img?imageId=6292
555,psoriasis,img?imageId=6268
556,psoriasis,img?imageId=6259
557,psoriasis,img?imageId=6302
558,psoriasis,img?imageId=6252
559,psoriasis,img?imageId=6248
560,psoriasis,img?imageId=6236
561,psoriasis,img?imageId=6308
562,psoriasis,img?imageId=6287
563,psoriasis,img?imageId=6275
564,psoriasis,img?imageId=6328
565,psoriasis,img?imageId=6238
566,psoriasis,img?imageId=6279
567,psoriasis,img?imageId=6319
568,psoriasis,img?imageId=6318
569,psoriasis,img?imageId=6330
570,psoriasis,img?imageId=6239
571,psoriasis,img?imageId=6274
572,psoriasis,img?imageId=6289
573,psoriasis,img?imageId=6313
574,psoriasis,img?imageId=6267
575,psoriasis,img?imageId=6320
576,psoriasis,img?imageId=6331
577,psoriasis,img?imageId=6247
578,psoriasis,img?imageId=6257
579,psoriasis,img?imageId=6264
580,psoriasis,img?imageId=6240
581,psoriasis,img?imageId=6258
582,psoriasis,img?imageId=6323
583,psoriasis,img?imageId=6272
584,psoriasis,img?imageId=6263
585,psoriasis,img?imageId=6291
586,psoriasis,img?imageId=6269
587,psoriasis,img?imageId=6322
588,psoriasis,img?imageId=6242
589,psoriasis,img?imageId=6336
590,psoriasis,img?imageId=6283
591,psoriasis,img?imageId=6321
592,psoriasis,img?imageId=6255
593,psoriasis,img?imageId=6296
594,psoriasis,img?imageId=406
595,psoriasis,img?imageId=6286
596,psoriasis,img?imageId=6245
597,psoriasis,img?imageId=6309
598,psoriasis,img?imageId=6325
599,psoriasis,img?imageId=6317
600,psoriasis,img?imageId=6277
601,psoriasis,img?imageId=6311
602,psoriasis,img?imageId=6304
603,psoriasis,img?imageId=6288
604,psoriasis,img?imageId=6300
605,psoriasis,img?imageId=6306
606,psoriasis,img?imageId=6281
607,psoriasis,img?imageId=6251
608,psoriasis,img?imageId=6312
609,psoriasis,img?imageId=6260
610,psoriasis,img?imageId=6249
611,psoriasis,img?imageId=6256
612,psoriasis,img?imageId=6246
613,psoriasis,img?imageId=6299
614,psoriasis,img?imageId=6265
615,psoriasis,img?imageId=6316
616,psoriasis,img?imageId=6244
617,psoriasis,img?imageId=6250
618,psoriasis,img?imageId=6301
619,psoriasis,img?imageId=6307
620,psoriasis,img?imageId=6266
621,psoriasis,img?imageId=6262
622,psoriasis,img?imageId=6237
623,psoriasis,img?imageId=6276
624,psoriasis,img?imageId=6337
625,psoriasis,img?imageId=6243
626,psoriasis,img?imageId=6314
627,psoriasis,img?imageId=6253
628,psoriasis,img?imageId=6284
629,psoriasis,img?imageId=6241
630,psoriasis,img?imageId=6315
631,psoriasis,img?imageId=6261
632,psoriasis,img?imageId=6273
633,psoriasis,img?imageId=6297
634,psoriasis,img?imageId=6282
635,psoriasis,img?imageId=6285
636,psoriasis,img?imageId=6303
637,psoriasis,img?imageId=6280
638,psoriasis,img?imageId=6327
639,psoriasis,img?imageId=6271
640,psoriasis,img?imageId=6295
641,psoriasis,img?imageId=6324
642,psoriasis,img?imageId=6270
643,psoriasis,img?imageId=6332
644,psoriasis,img?imageId=6278
645,psoriasis,img?imageId=6290
646,psoriasis,img?imageId=6254
647,psoriasis,img?imageId=6334
648,psoriasis,img?imageId=6305
649,psoriasis,img?imageId=407
650,psoriasis,img?imageId=6329
651,melanome,img?imageId=6293
652,psoriasis,img?imageId=6326
653,psoriasis,lmm6.jpg
654,psoriasis,melanoma17.jpg
655,psoriasis,melanome-superficiel-extensif17.jpg
656,psoriasis,melanoma20.jpg
657,psoriasis,melanoma45.jpg
658,psoriasis,acro_lentiginous_melanoma10.jpg
659,psoriasis,melanoma38.jpg
660,psoriasis,melanoma29.jpg
661,psoriasis,lmm1.jpg
662,psoriasis,melanome-achromique4.jpg
663,psoriasis,melanome-nodulaire1.jpg
664,psoriasis,melanoma11.jpg
665,psoriasis,melanome-superficiel-extensif7.jpg
666,psoriasis,acro_lentiginous_melanoma33.jpg
667,psoriasis,melanoma4.jpg
668,psoriasis,melanoma43.jpg
669,psoriasis,melanoma6.jpg
670,psoriasis,melanoma30.jpg
671,psoriasis,melanoma60.jpg
672,psoriasis,acro_lentiginous_melanoma29.jpg
673,psoriasis,melanoma54.jpg
674,psoriasis,melanome-superficiel-extensif11.jpg
675,psoriasis,acro_lentiginous_melanoma15.jpg
676,psoriasis,melanoma26.jpg
677,psoriasis,acral_melanoma3.jpg
678,psoriasis,melanome-superficiel-extensif3.jpg
679,psoriasis,melanoma64.jpg
680,psoriasis,acro_lentiginous_melanoma16.jpg
681,psoriasis,amelanotic_nodular_melanoma1.jpg
682,psoriasis,melanoma15.jpg
683,psoriasis,melanoma75.jpg
684,psoriasis,melanome-superficiel-extensif6.jpg
685,psoriasis,recurrent_memalona3.jpg
686,psoriasis,acro_lentiginous_melanoma2.jpg
687,psoriasis,recurrent_memalona2.jpg
688,psoriasis,melanome-superficiel-extensif14.jpg
689,psoriasis,acro_lentiginous_melanoma25.jpg
690,psoriasis,melanome-superficiel-extensif19.jpg
691,psoriasis,melanoma53.jpg
692,psoriasis,melanoma25.jpg
693,psoriasis,melanoma10.jpg
694,psoriasis,melanoma39.jpg
695,psoriasis,acro_lentiginous_melanoma45.jpg
696,psoriasis,melanoma52.jpg
697,psoriasis,lmm11.jpg
698,psoriasis,melanoma21.jpg
699,psoriasis,acro_lentiginous_melanoma9.jpg
700,psoriasis,acro_lentiginous_melanoma8.jpg
701,psoriasis,melanome-nodulaire4.jpg
702,psoriasis,acro_lentiginous_melanoma31.jpg
703,psoriasis,melanoma66.jpg
704,psoriasis,acro_lentiginous_melanoma44.jpg
705,psoriasis,melanoma56.jpg
706,psoriasis,melanome-superficiel-extensif2.jpg
707,psoriasis,acral_melanoma2.jpg
708,psoriasis,acro_lentiginous_melanoma43.jpg
709,psoriasis,melanome-achromique1.jpg
710,psoriasis,melanome-superficiel-extensif8.jpg
711,psoriasis,melanome-superficiel-extensif18.jpg
712,psoriasis,acro_lentiginous_melanoma20.jpg
713,psoriasis,melanoma14.jpg
714,psoriasis,melanoma41.jpg
715,psoriasis,acro_lentiginous_melanoma22.jpg
716,psoriasis,acro_lentiginous_melanoma27.jpg
717,psoriasis,melanoma31.jpg
718,psoriasis,melanoma3.jpg
719,psoriasis,melanome-superficiel-extensif13.jpg
720,psoriasis,melanoma68.jpg
721,psoriasis,melanoma22.jpg
722,psoriasis,melanoma2.jpg
723,psoriasis,melanoma67.jpg
724,psoriasis,melanoma69.jpg
725,psoriasis,melanoma50.jpg
726,psoriasis,melanome-nodulaire6.jpg
727,psoriasis,melanoma65.jpg
728,psoriasis,melanome-nodulaire2.jpg
729,psoriasis,melanoma62.jpg
730,psoriasis,melanoma73.jpg
731,psoriasis,lmm7.jpg
732,psoriasis,melanome-nodulaire5.jpg
733,psoriasis,melanoma35.jpg
734,psoriasis,lmm10.jpg
735,psoriasis,melanoma70.jpg
736,psoriasis,acro_lentiginous_melanoma21.jpg
737,psoriasis,melanoma74.jpg
738,psoriasis,acro_lentiginous_melanoma41.jpg
739,psoriasis,acro_lentiginous_melanoma39.jpg
740,psoriasis,melanoma24.jpg
741,psoriasis,lmm13.jpg
742,psoriasis,lmm15.jpg
743,psoriasis,acro_lentiginous_melanoma18.jpg
744,psoriasis,lmm3.jpg
745,psoriasis,acro_lentiginous_melanoma3.jpg
746,psoriasis,acro_lentiginous_melanoma11.jpg
747,psoriasis,acro_lentiginous_melanoma4.jpg
748,psoriasis,acro_lentiginous_melanoma12.jpg
749,psoriasis,melanome-superficiel-extensif20.jpg
750,psoriasis,melanome-superficiel-extensif10.jpg
751,psoriasis,melanoma19.jpg
752,psoriasis,melanoma23.jpg
753,psoriasis,melanome-superficiel-extensif12.jpg
754,psoriasis,melanoma55.jpg
755,psoriasis,melanoma59.jpg
756,psoriasis,melanoma72.jpg
757,psoriasis,melanoma5.jpg
758,psoriasis,melanoma-in-situ3.jpg
759,psoriasis,melanome-nodulaire3.jpg
760,psoriasis,melanoma33.jpg
761,psoriasis,acro_lentiginous_melanoma14.jpg
762,psoriasis,lmm9.jpg
763,psoriasis,melanoma-in-situ1.jpg
764,psoriasis,melanoma8.jpg
765,psoriasis,acro_lentiginous_melanoma28.jpg
766,psoriasis,acro_lentiginous_melanoma37.jpg
767,psoriasis,acro_lentiginous_melanoma13.jpg
768,psoriasis,acro_lentiginous_melanoma30.jpg
769,psoriasis,melanome-superficiel-extensif5.jpg
770,psoriasis,amelanotic_nodular_melanoma2.jpg
771,psoriasis,acro_lentiginous_melanoma34.jpg
772,psoriasis,melanoma13.jpg
773,psoriasis,recurrent_memalona5.jpg
774,psoriasis,lmm5.jpg
775,psoriasis,acro_lentiginous_melanoma17.jpg
776,psoriasis,lmm4.jpg
777,psoriasis,acro_lentiginous_melanoma26.jpg
778,psoriasis,acro_lentiginous_melanoma7.jpg
779,psoriasis,melanoma63.jpg
780,psoriasis,melanome-superficiel-extensif4.jpg
781,psoriasis,melanome-achromique3.jpg
782,psoriasis,melanoma40.jpg
783,psoriasis,acro_lentiginous_melanoma6.jpg
784,psoriasis,melanoma34.jpg
785,psoriasis,melanoma27.jpg
786,psoriasis,melanoma18.jpg
787,psoriasis,acro_lentiginous_melanoma19.jpg
788,psoriasis,lmm8.jpg
789,psoriasis,melanoma32.jpg
790,psoriasis,acro_lentiginous_melanoma5.jpg
791,psoriasis,acro_lentiginous_melanoma32.jpg
792,psoriasis,melanoma46.jpg
793,psoriasis,melanoma48.jpg
794,psoriasis,melanome-achromique2.jpg
795,psoriasis,melanoma44.jpg
796,psoriasis,melanoma7.jpg
797,psoriasis,melanoma37.jpg
798,psoriasis,melanoma57.jpg
799,psoriasis,acro_lentiginous_melanoma35.jpg
800,psoriasis,melanoma28.jpg
801,psoriasis,acro_lentiginous_melanoma1.jpg
802,psoriasis,lmm2.jpg
803,psoriasis,melanoma71.jpg
804,psoriasis,melanome-superficiel-extensif1.jpg
805,psoriasis,melanome-superficiel-extensif15.jpg
806,psoriasis,melanoma12.jpg
807,psoriasis,melanoma9.jpg
808,psoriasis,acro_lentiginous_melanoma24.jpg
809,psoriasis,melanome-superficiel-extensif9.jpg
810,psoriasis,acro_lentiginous_melanoma42.jpg
811,psoriasis,melanoma51.jpg
812,psoriasis,lmm14.jpg
813,psoriasis,acral_melanoma1.jpg
814,psoriasis,recurrent_memalona4.jpg
815,psoriasis,acro_lentiginous_melanoma23.jpg
816,psoriasis,melanoma1.jpg
817,psoriasis,melanoma47.jpg
818,psoriasis,melanoma-in-situ2.jpg
819,psoriasis,melanoma16.jpg
820,psoriasis,melanome-superficiel-extensif16.jpg
821,psoriasis,melanoma36.jpg
822,psoriasis,melanoma58.jpg
823,psoriasis,melanoma42.jpg
824,psoriasis,melanoma49.jpg
825,psoriasis,recurrent_memalona1.jpg
826,psoriasis,lmm12.jpg
827,psoriasis,melanoma61.jpg
828,psoriasis,img?imageId=4244
829,psoriasis,img?imageId=4307
830,psoriasis,img?imageId=4276
831,psoriasis,img?imageId=4315
832,psoriasis,img?imageId=4260
833,psoriasis,img?imageId=4321
834,psoriasis,img?imageId=4290
835,psoriasis,img?imageId=4257
836,psoriasis,img?imageId=4268
837,psoriasis,img?imageId=4251
838,psoriasis,img?imageId=4266
839,psoriasis,img?imageId=4289
840,psoriasis,img?imageId=4311
841,psoriasis,img?imageId=4275
842,psoriasis,img?imageId=4270
843,psoriasis,img?imageId=4280
844,psoriasis,img?imageId=4264
845,psoriasis,img?imageId=4294
846,psoriasis,img?imageId=4310
847,psoriasis,img?imageId=4267
848,psoriasis,img?imageId=4277
849,psoriasis,img?imageId=4313
850,psoriasis,img?imageId=4284
851,psoriasis,img?imageId=4317
852,psoriasis,img?imageId=4293
853,psoriasis,img?imageId=4258
854,psoriasis,img?imageId=4306
855,psoriasis,img?imageId=4263
856,psoriasis,img?imageId=4274
857,psoriasis,img?imageId=4252
858,psoriasis,img?imageId=4285
859,psoriasis,img?imageId=4302
860,psoriasis,img?imageId=4287
861,psoriasis,img?imageId=4308
862,psoriasis,img?imageId=4303
863,psoriasis,img?imageId=4278
864,psoriasis,img?imageId=4271
865,psoriasis,img?imageId=4301
866,psoriasis,img?imageId=4240
867,psoriasis,img?imageId=4319
868,psoriasis,img?imageId=4291
869,psoriasis,img?imageId=4249
870,psoriasis,img?imageId=4309
871,psoriasis,img?imageId=4247
872,psoriasis,img?imageId=4286
873,psoriasis,img?imageId=4250
874,psoriasis,img?imageId=4261
875,psoriasis,img?imageId=4259
876,psoriasis,img?imageId=4316
877,psoriasis,img?imageId=4288
878,psoriasis,img?imageId=4318
879,psoriasis,img?imageId=4296
880,psoriasis,img?imageId=4248
881,psoriasis,img?imageId=4314
882,psoriasis,img?imageId=4283
883,psoriasis,img?imageId=4297
884,psoriasis,img?imageId=4279
885,psoriasis,img?imageId=4241
886,psoriasis,img?imageId=4273
887,psoriasis,img?imageId=4305
888,psoriasis,img?imageId=4254
889,psoriasis,img?imageId=4272
890,psoriasis,img?imageId=4282
891,psoriasis,img?imageId=4320
892,psoriasis,img?imageId=4292
893,psoriasis,img?imageId=4262
894,psoriasis,img?imageId=4269
895,psoriasis,img?imageId=4265
896,psoriasis,img?imageId=4312
897,psoriasis,img?imageId=4300
898,psoriasis,img?imageId=4281
899,psoriasis,img?imageId=4242
900,psoriasis,img?imageId=4246
901,psoriasis,img?imageId=4295
902,psoriasis,img?imageId=4239
903,psoriasis,img?imageId=4298
904,psoriasis,img?imageId=4243
905,psoriasis,img?imageId=4256
906,psoriasis,img?imageId=4299
907,psoriasis,img?imageId=4253
908,psoriasis,img?imageId=4245
909,psoriasis,img?imageId=4255
910,psoriasis,img?imageId=4304
